-6.794018387231826051e-02,8.273680238898887751e+01,-2.469952902328072014e+04,5.860000000000000000e+02,6.440000000000000000e+02,1.000000000000000000e+00,1.700000000000000000e+01
-1.559017191140235582e-03,1.198696891679817966e+00,2.227096360747352719e+02,3.980000000000000000e+02,6.400000000000000000e+02,0.000000000000000000e+00,1.300000000000000000e+01
-1.159917623610539185e-03,1.052898686443229703e+00,2.513308874586194861e+02,3.860000000000000000e+02,6.900000000000000000e+02,0.000000000000000000e+00,1.300000000000000000e+01
-3.166709918630581082e-03,3.153474267630413497e+00,-2.750787719551142914e+02,4.360000000000000000e+02,6.660000000000000000e+02,0.000000000000000000e+00,1.300000000000000000e+01
-2.401028549849117664e-04,7.503063631914153042e-02,4.876885285396127756e+02,5.740000000000000000e+02,7.340000000000000000e+02,1.000000000000000000e+00,1.300000000000000000e+01
-1.802997356000998622e-03,2.619681497234445100e+00,-5.064723444860335917e+02,6.480000000000000000e+02,8.040000000000000000e+02,1.000000000000000000e+00,1.100000000000000000e+01
-7.111500958145338877e-03,9.186095002729418368e+00,-2.526160327738828073e+03,5.860000000000000000e+02,7.500000000000000000e+02,1.000000000000000000e+00,1.400000000000000000e+01
-5.414331530690252685e-03,6.005969521727400284e+00,-1.208442934783754708e+03,5.640000000000000000e+02,6.840000000000000000e+02,1.000000000000000000e+00,1.400000000000000000e+01
-1.752169810700179332e-03,1.990981974215908501e+00,-4.253358145439779037e+01,5.100000000000000000e+02,6.820000000000000000e+02,1.000000000000000000e+00,1.300000000000000000e+01
-3.658268940938270118e-03,4.827728915369775997e+00,-1.126700596982779416e+03,5.480000000000000000e+02,7.380000000000000000e+02,1.000000000000000000e+00,1.400000000000000000e+01
-1.816744340878866451e-02,1.709758322237057016e+01,-3.490578635153234245e+03,4.340000000000000000e+02,5.220000000000000000e+02,0.000000000000000000e+00,1.500000000000000000e+01
5.128173923967446063e-02,-6.821126674309077487e+01,2.292851741281159775e+04,6.140000000000000000e+02,6.920000000000000000e+02,1.000000000000000000e+00,1.300000000000000000e+01
-1.287108373730695612e-03,1.226332007999826557e+00,1.904509351059056712e+02,3.980000000000000000e+02,6.820000000000000000e+02,0.000000000000000000e+00,1.300000000000000000e+01
-1.783455001010701268e-03,1.837073241837786197e+00,2.833837758079120661e+01,4.540000000000000000e+02,6.540000000000000000e+02,1.000000000000000000e+00,1.200000000000000000e+01
-1.508808856436501733e-03,1.615508435183689695e+00,7.462136614408842661e+01,4.400000000000000000e+02,7.020000000000000000e+02,0.000000000000000000e+00,1.300000000000000000e+01
-7.580187696309557055e-04,3.386939338456883553e-01,4.579006596912461191e+02,3.840000000000000000e+02,6.180000000000000000e+02,0.000000000000000000e+00,1.300000000000000000e+01
-1.163452461996011502e-04,-3.395827577911256778e-01,5.839407148314928691e+02,3.720000000000000000e+02,5.680000000000000000e+02,0.000000000000000000e+00,1.200000000000000000e+01
6.837292365726331186e-03,-1.053811047657309352e+01,4.475244649535406097e+03,6.500000000000000000e+02,7.320000000000000000e+02,1.000000000000000000e+00,1.100000000000000000e+01
-1.599673929239551649e-03,2.283063860481357565e+00,-3.383859934140272685e+02,6.280000000000000000e+02,8.100000000000000000e+02,1.000000000000000000e+00,1.300000000000000000e+01
-1.372389630623200261e-03,1.145019964241623001e+00,2.470860655933398391e+02,3.820000000000000000e+02,6.860000000000000000e+02,0.000000000000000000e+00,1.400000000000000000e+01
-1.898500077743007954e-04,2.010072501069279649e-01,3.698385368754167075e+02,6.560000000000000000e+02,7.220000000000000000e+02,1.000000000000000000e+00,1.200000000000000000e+01
-7.773059453701154468e-03,8.782546847969916470e+00,-2.085661762480097423e+03,5.600000000000000000e+02,6.640000000000000000e+02,1.000000000000000000e+00,1.400000000000000000e+01
-1.052609208756007109e-02,1.331832019897429653e+01,-3.722919151855845030e+03,5.660000000000000000e+02,7.080000000000000000e+02,1.000000000000000000e+00,1.200000000000000000e+01
-1.658761763484845357e-03,1.724858633329604984e+00,2.331284266646314762e+01,6.020000000000000000e+02,7.540000000000000000e+02,1.000000000000000000e+00,1.300000000000000000e+01
-3.025187097472139229e-03,3.771652395824308446e+00,-6.969634192808242688e+02,5.780000000000000000e+02,7.140000000000000000e+02,1.000000000000000000e+00,1.300000000000000000e+01
-3.737270703981359753e-03,4.304743620307561969e+00,-7.418371548161122746e+02,6.000000000000000000e+02,7.460000000000000000e+02,1.000000000000000000e+00,1.400000000000000000e+01
-1.896371114831464047e-04,2.006984552876532324e-01,3.833284253353073723e+02,6.820000000000000000e+02,7.400000000000000000e+02,1.000000000000000000e+00,1.200000000000000000e+01
-5.008472980610586579e-03,7.040864871655865720e+00,-2.056491570955342922e+03,6.500000000000000000e+02,7.020000000000000000e+02,1.000000000000000000e+00,1.200000000000000000e+01
1.923751836542210631e-04,-5.778657134614282320e-01,6.752105519939852911e+02,4.040000000000000000e+02,6.720000000000000000e+02,0.000000000000000000e+00,1.400000000000000000e+01
5.927980322943415294e-04,-1.086944639869911855e+00,8.326520033452965208e+02,4.560000000000000000e+02,7.160000000000000000e+02,1.000000000000000000e+00,1.100000000000000000e+01
-1.184010721060294036e-02,1.376595641931562852e+01,-3.509651906488280929e+03,5.380000000000000000e+02,6.140000000000000000e+02,1.000000000000000000e+00,1.200000000000000000e+01
-1.061213000767239440e-03,1.028044045514166616e+00,2.529055385591648530e+02,3.860000000000000000e+02,7.140000000000000000e+02,0.000000000000000000e+00,1.400000000000000000e+01
-1.562112704511698811e-03,2.122271193859730065e+00,-2.882638176326125858e+02,5.760000000000000000e+02,7.820000000000000000e+02,1.000000000000000000e+00,1.400000000000000000e+01
-7.144354388917669232e-04,2.081431278928584649e-01,6.354498625391016731e+02,6.540000000000000000e+02,7.260000000000000000e+02,1.000000000000000000e+00,1.500000000000000000e+01
-1.453116063885477940e-02,2.101593439605454705e+01,-7.113588196167492242e+03,6.520000000000000000e+02,7.300000000000000000e+02,1.000000000000000000e+00,1.200000000000000000e+01
-6.631428691515053528e-04,5.110274320803200876e-01,4.047821605246348895e+02,6.800000000000000000e+02,8.620000000000000000e+02,1.000000000000000000e+00,1.400000000000000000e+01
-1.640759152894593351e-03,1.397526373466177807e+00,1.688792319080966422e+02,4.080000000000000000e+02,6.780000000000000000e+02,0.000000000000000000e+00,1.400000000000000000e+01
7.614499741569490110e-03,-1.204213947295023779e+01,4.994044095818412643e+03,6.320000000000000000e+02,7.780000000000000000e+02,1.000000000000000000e+00,1.400000000000000000e+01
-4.358417011270112294e-03,5.918692059208384926e+00,-1.572455763253435862e+03,6.400000000000000000e+02,7.440000000000000000e+02,1.000000000000000000e+00,1.300000000000000000e+01
-4.209129391885908962e-03,2.310614364797937414e-01,1.589639082419439774e+03,5.580000000000000000e+02,5.660000000000000000e+02,1.000000000000000000e+00,1.500000000000000000e+01
-3.448567358944642711e-03,4.440912247933238355e+00,-1.002265351153901179e+03,5.520000000000000000e+02,6.720000000000000000e+02,1.000000000000000000e+00,1.300000000000000000e+01
-4.429731220930967911e-02,4.504898715216125282e+01,-1.108171317095107406e+04,5.360000000000000000e+02,5.660000000000000000e+02,1.000000000000000000e+00,1.400000000000000000e+01
6.666666666676249187e-02,-8.300000000011544898e+01,2.612773333336808355e+04,5.920000000000000000e+02,6.080000000000000000e+02,1.000000000000000000e+00,1.200000000000000000e+01
-2.092697601160974866e-03,1.970620724297988735e+00,2.497831631951769538e+01,4.420000000000000000e+02,6.640000000000000000e+02,0.000000000000000000e+00,1.400000000000000000e+01
-6.238446202884927530e-03,7.616457943084134818e+00,-1.862414805078720519e+03,5.520000000000000000e+02,6.620000000000000000e+02,1.000000000000000000e+00,1.100000000000000000e+01
-1.744462736887374132e-02,2.292299131358774744e+01,-7.058831325234094038e+03,6.120000000000000000e+02,7.080000000000000000e+02,1.000000000000000000e+00,1.300000000000000000e+01
-2.344225655345243478e-02,2.087472461792130030e-01,8.416088631011056350e+03,5.900000000000000000e+02,5.920000000000000000e+02,1.000000000000000000e+00,1.500000000000000000e+01
-3.871061027529898359e-03,5.459280345882791430e+00,-1.413041445909639151e+03,5.580000000000000000e+02,7.120000000000000000e+02,1.000000000000000000e+00,1.400000000000000000e+01
-2.233045382490461087e-03,1.931932200108902320e+00,6.912203937856050118e+01,3.960000000000000000e+02,6.220000000000000000e+02,0.000000000000000000e+00,1.300000000000000000e+01
-1.906774911727762050e-03,1.611932642347844613e+00,1.392017814074308717e+02,3.940000000000000000e+02,6.580000000000000000e+02,0.000000000000000000e+00,1.400000000000000000e+01
7.549874350644893584e-04,-1.244591301132278005e+00,9.360296084537136494e+02,7.340000000000000000e+02,9.100000000000000000e+02,1.000000000000000000e+00,1.400000000000000000e+01
1.117587143503847875e-03,4.202127659574468876e-01,1.580000000000000284e+02,3.760000000000000000e+02,3.760000000000000000e+02,0.000000000000000000e+00,1.500000000000000000e+01
3.184685719903083902e-04,3.781341404434352960e-01,2.773268212352334672e+02,4.440000000000000000e+02,4.620000000000000000e+02,0.000000000000000000e+00,1.400000000000000000e+01
-6.131044253661161077e-03,5.951467544835929324e+00,-9.525761138950472287e+02,4.840000000000000000e+02,6.460000000000000000e+02,1.000000000000000000e+00,1.300000000000000000e+01
-1.606294399181008511e-02,2.437099116488482764e+01,-8.776876317946880590e+03,7.060000000000000000e+02,8.000000000000000000e+02,1.000000000000000000e+00,1.400000000000000000e+01
-8.642101064180231782e-04,8.585801508699472118e-01,2.983045019323604379e+02,5.340000000000000000e+02,7.640000000000000000e+02,1.000000000000000000e+00,1.100000000000000000e+01
-4.086105334968677828e-04,4.401992168162004448e-01,3.017892467081371137e+02,5.340000000000000000e+02,8.020000000000000000e+02,1.000000000000000000e+00,1.300000000000000000e+01
-4.293323343105080736e-03,5.199606994767655088e+00,-1.094026749768937634e+03,5.200000000000000000e+02,7.620000000000000000e+02,1.000000000000000000e+00,1.500000000000000000e+01
1.837589991776605218e-03,-3.164639554931353960e+00,1.737994964724767215e+03,6.040000000000000000e+02,7.840000000000000000e+02,1.000000000000000000e+00,1.400000000000000000e+01
-2.779825922571197913e-03,2.400368186701272055e+00,-2.535521520397257333e+01,3.700000000000000000e+02,6.160000000000000000e+02,0.000000000000000000e+00,1.500000000000000000e+01
-5.824023798820482205e-03,7.576935085740188036e+00,-2.002613567038348947e+03,5.720000000000000000e+02,7.300000000000000000e+02,1.000000000000000000e+00,1.400000000000000000e+01
-8.578417585114635202e-04,8.383799087904073577e-01,2.964291018429865971e+02,3.760000000000000000e+02,7.560000000000000000e+02,0.000000000000000000e+00,1.400000000000000000e+01
-5.365857126143307307e-04,3.091875113354852767e-01,4.321170549422646445e+02,5.320000000000000000e+02,7.800000000000000000e+02,1.000000000000000000e+00,1.800000000000000000e+01
-4.262340914953334330e-03,4.867704024711001054e+00,-9.403503938211306377e+02,5.320000000000000000e+02,6.500000000000000000e+02,1.000000000000000000e+00,1.200000000000000000e+01
-2.520582258116070996e-03,2.385415682471083709e+00,-6.509839362843543142e+01,3.740000000000000000e+02,6.340000000000000000e+02,0.000000000000000000e+00,1.400000000000000000e+01
1.218555134576356424e-03,-2.254798330285135766e+00,1.425015937230197551e+03,7.100000000000000000e+02,8.940000000000000000e+02,1.000000000000000000e+00,1.200000000000000000e+01
-4.917297541146219142e-03,4.764489346933952874e+00,-6.863108259714399537e+02,5.220000000000000000e+02,6.280000000000000000e+02,1.000000000000000000e+00,1.400000000000000000e+01
-1.772557120223563001e-03,1.404296541665385867e+00,1.738063368937739597e+02,3.580000000000000000e+02,6.240000000000000000e+02,0.000000000000000000e+00,1.300000000000000000e+01
-5.567316798331754107e-03,6.623113386724382323e+00,-1.550251231025310062e+03,5.600000000000000000e+02,6.560000000000000000e+02,1.000000000000000000e+00,1.200000000000000000e+01
-1.517935731237120972e-03,1.371772662467795278e+00,1.695917527215947018e+02,3.920000000000000000e+02,6.100000000000000000e+02,0.000000000000000000e+00,1.200000000000000000e+01
-9.011751043298768136e-04,8.320281623630453316e-01,2.859984548792235159e+02,3.940000000000000000e+02,6.880000000000000000e+02,0.000000000000000000e+00,1.200000000000000000e+01
-8.169090551210860755e-04,7.636784211498703900e-01,2.974207250550705339e+02,6.180000000000000000e+02,8.220000000000000000e+02,1.000000000000000000e+00,1.300000000000000000e+01
-1.140539127608586551e-03,1.034121624975406384e+00,2.667988726847725616e+02,4.540000000000000000e+02,6.640000000000000000e+02,1.000000000000000000e+00,1.100000000000000000e+01
1.090039813809415802e-03,4.338358458961474318e-01,1.726666666666666856e+02,3.980000000000000000e+02,3.980000000000000000e+02,0.000000000000000000e+00,1.600000000000000000e+01
-5.699996924375937482e-03,6.340662605397550777e+00,-1.293419187594738105e+03,5.380000000000000000e+02,6.160000000000000000e+02,1.000000000000000000e+00,1.100000000000000000e+01
-8.454533175502539771e-03,8.316720728113518035e+00,-1.706802302462204352e+03,5.020000000000000000e+02,5.800000000000000000e+02,1.000000000000000000e+00,1.400000000000000000e+01
-1.400340072064824078e-03,1.352154880032572670e+00,1.737647472823942962e+02,4.760000000000000000e+02,6.520000000000000000e+02,1.000000000000000000e+00,1.300000000000000000e+01
-5.800699744178600126e-03,6.845012621696717758e+00,-1.597222808549221782e+03,5.340000000000000000e+02,6.420000000000000000e+02,1.000000000000000000e+00,1.200000000000000000e+01
-1.305106928951639458e-03,1.090523227474186507e+00,2.553419982223474847e+02,3.740000000000000000e+02,6.580000000000000000e+02,0.000000000000000000e+00,1.300000000000000000e+01
-1.112070334268294020e-02,1.214916335495883537e+01,-2.867887152685551428e+03,5.280000000000000000e+02,6.260000000000000000e+02,1.000000000000000000e+00,1.200000000000000000e+01
-2.490108745849402196e-03,2.874476920346305420e+00,-3.684269392135132080e+02,5.320000000000000000e+02,6.800000000000000000e+02,1.000000000000000000e+00,1.200000000000000000e+01
-4.259259259252533986e-02,5.984814814805370986e+01,-2.058392592589276683e+04,6.800000000000000000e+02,7.160000000000000000e+02,1.000000000000000000e+00,1.300000000000000000e+01
-4.933558125294420019e-03,6.506292244207763531e+00,-1.694796807278015194e+03,5.880000000000000000e+02,6.780000000000000000e+02,1.000000000000000000e+00,1.100000000000000000e+01
-9.820629140400456702e-02,1.120864755832580641e+02,-3.150613742319345693e+04,5.580000000000000000e+02,5.980000000000000000e+02,1.000000000000000000e+00,1.400000000000000000e+01
-1.843804034578436779e-01,2.597699135441432645e+02,-9.098442236292564485e+04,6.980000000000000000e+02,7.180000000000000000e+02,1.000000000000000000e+00,1.200000000000000000e+01
-1.808409875874963241e-02,2.121666436957887925e+01,-5.776358529323889343e+03,5.460000000000000000e+02,6.360000000000000000e+02,1.000000000000000000e+00,1.500000000000000000e+01
-9.722071044911620311e-04,8.997475897394601185e-01,2.777333273676996441e+02,3.640000000000000000e+02,6.740000000000000000e+02,0.000000000000000000e+00,1.300000000000000000e+01
-1.921419502378755948e-03,1.776412532236312680e+00,6.060618797194752005e+01,4.280000000000000000e+02,6.400000000000000000e+02,0.000000000000000000e+00,1.300000000000000000e+01
-3.680869367453340479e-02,5.958960160582591215e+01,-2.359607329107309852e+04,7.960000000000000000e+02,8.380000000000000000e+02,1.000000000000000000e+00,1.200000000000000000e+01
-5.096018870361718189e-02,7.529058243951482154e+01,-2.737784850456208733e+04,7.000000000000000000e+02,7.460000000000000000e+02,1.000000000000000000e+00,1.300000000000000000e+01
-3.450788346582408812e-03,3.349873226165752005e+00,-3.066060522424389774e+02,4.220000000000000000e+02,6.820000000000000000e+02,0.000000000000000000e+00,1.600000000000000000e+01
-1.471924300293511734e-03,1.349676732295607362e+00,1.748933015700765168e+02,3.960000000000000000e+02,6.820000000000000000e+02,0.000000000000000000e+00,1.400000000000000000e+01
-1.976277804519237929e-03,1.716056591525399799e+00,1.052330126104304071e+02,3.920000000000000000e+02,6.100000000000000000e+02,0.000000000000000000e+00,1.300000000000000000e+01
-1.533026630330233805e-03,1.345801705976874985e+00,1.729602332908381754e+02,3.820000000000000000e+02,6.660000000000000000e+02,0.000000000000000000e+00,1.400000000000000000e+01
-9.212406243392253641e-03,1.113276891009191338e+01,-2.839220007272184375e+03,5.380000000000000000e+02,6.840000000000000000e+02,1.000000000000000000e+00,1.300000000000000000e+01
-1.236744938683053893e-02,1.516221658121125238e+01,-4.172187060364070931e+03,5.660000000000000000e+02,6.620000000000000000e+02,1.000000000000000000e+00,1.200000000000000000e+01
2.553086213776474805e-03,-3.660942305700976895e+00,1.673690392649544037e+03,5.160000000000000000e+02,7.080000000000000000e+02,1.000000000000000000e+00,1.400000000000000000e+01
-6.810364287391188279e-03,7.728945841275626449e+00,-1.737431191665299821e+03,5.840000000000000000e+02,6.520000000000000000e+02,1.000000000000000000e+00,1.300000000000000000e+01
-2.719658556194649163e-03,2.345808379115442488e+00,-1.354264470337550463e+01,3.700000000000000000e+02,5.980000000000000000e+02,0.000000000000000000e+00,1.300000000000000000e+01
4.860892152005165737e-04,2.897091722595078744e-01,1.726666666666666856e+02,5.960000000000000000e+02,5.960000000000000000e+02,1.000000000000000000e+00,1.500000000000000000e+01
-6.255169247675918497e-03,7.066402252636306613e+00,-1.570069597240573557e+03,5.360000000000000000e+02,6.520000000000000000e+02,1.000000000000000000e+00,1.300000000000000000e+01
4.308065064217139663e-04,2.192463840884476822e-01,1.064100775638336671e+02,6.040000000000000000e+02,6.280000000000000000e+02,1.000000000000000000e+00,1.000000000000000000e+01
-4.395860611417797166e-03,7.020051672991121094e+00,-2.284308936565078511e+03,7.920000000000000000e+02,9.400000000000000000e+02,1.000000000000000000e+00,1.400000000000000000e+01
-1.529429568795353167e-03,1.708383577830714595e+00,-1.100509104304622632e+01,5.860000000000000000e+02,7.100000000000000000e+02,1.000000000000000000e+00,1.100000000000000000e+01
-9.287787743372683544e-04,8.044011112172306799e-01,3.179257519387613797e+02,3.880000000000000000e+02,6.760000000000000000e+02,0.000000000000000000e+00,1.300000000000000000e+01
-6.041707646853962214e-03,7.806223211558821262e+00,-2.053996539122147624e+03,5.680000000000000000e+02,6.640000000000000000e+02,1.000000000000000000e+00,1.100000000000000000e+01
-1.923179456919560685e-03,1.612708621717551694e+00,1.427076118932121744e+02,3.800000000000000000e+02,6.840000000000000000e+02,0.000000000000000000e+00,1.500000000000000000e+01
-7.630422760949091485e-03,9.736226696489573840e+00,-2.589320755396492132e+03,5.700000000000000000e+02,7.120000000000000000e+02,1.000000000000000000e+00,1.200000000000000000e+01
-2.961550236904386332e-02,3.398484626361294403e+01,-9.304425168132946055e+03,5.640000000000000000e+02,6.380000000000000000e+02,1.000000000000000000e+00,1.400000000000000000e+01
-1.132661751399312864e-03,6.225314457234165655e-01,3.732154762367807166e+02,3.540000000000000000e+02,6.820000000000000000e+02,0.000000000000000000e+00,1.600000000000000000e+01
-2.775841139558480903e-03,3.593752893453780128e+00,-7.014868222172193555e+02,5.400000000000000000e+02,6.700000000000000000e+02,1.000000000000000000e+00,1.200000000000000000e+01
-7.193372722936118915e-03,8.891448539603748813e+00,-2.288044483048784969e+03,5.380000000000000000e+02,6.840000000000000000e+02,1.000000000000000000e+00,1.400000000000000000e+01
8.905418646697952148e-03,-1.219436595439414717e+01,4.567839153055635506e+03,5.920000000000000000e+02,6.940000000000000000e+02,1.000000000000000000e+00,1.400000000000000000e+01
-1.772467561213064962e-03,2.688682846434919504e+00,-5.377841724505923366e+02,6.460000000000000000e+02,8.080000000000000000e+02,1.000000000000000000e+00,1.100000000000000000e+01
1.762820512820990060e-01,-2.038012820513375516e+02,5.925869230770841386e+04,5.620000000000000000e+02,5.880000000000000000e+02,1.000000000000000000e+00,1.300000000000000000e+01
-3.876171163415441379e-02,5.304542082566857886e+01,-1.769986546213499969e+04,6.520000000000000000e+02,6.900000000000000000e+02,1.000000000000000000e+00,1.100000000000000000e+01
-1.875064146524731004e-03,1.681043384528986717e+00,9.424931212935092617e+01,3.940000000000000000e+02,6.340000000000000000e+02,0.000000000000000000e+00,1.300000000000000000e+01
-2.198982352824776706e-03,1.934743374574182662e+00,3.882551112188760811e+01,3.820000000000000000e+02,5.860000000000000000e+02,0.000000000000000000e+00,1.300000000000000000e+01
-5.506827397473386398e-03,6.527462408032072894e+00,-1.450037475605210830e+03,5.720000000000000000e+02,7.340000000000000000e+02,1.000000000000000000e+00,1.300000000000000000e+01
-2.133042516508876826e-03,2.159808961288648632e+00,-3.254681900489370605e+01,3.980000000000000000e+02,7.340000000000000000e+02,0.000000000000000000e+00,1.600000000000000000e+01
-1.184640522876116014e-02,1.345669934640906185e+01,-3.393813725491423156e+03,6.180000000000000000e+02,6.520000000000000000e+02,1.000000000000000000e+00,1.000000000000000000e+01
-2.260337683215497048e-03,2.146393742348760014e+00,4.925380814213895064e+00,3.740000000000000000e+02,6.660000000000000000e+02,0.000000000000000000e+00,1.600000000000000000e+01
-9.063988896627738889e-04,8.242023815627781413e-01,2.984335842746073695e+02,3.960000000000000000e+02,7.120000000000000000e+02,0.000000000000000000e+00,1.400000000000000000e+01
-3.132026884403974528e-03,2.511991403545195123e+00,-2.767403837229706554e+01,3.500000000000000000e+02,5.320000000000000000e+02,0.000000000000000000e+00,1.300000000000000000e+01
-2.221013319992779650e-03,2.343546768764366739e+00,-1.494080971570851659e+02,5.340000000000000000e+02,6.300000000000000000e+02,1.000000000000000000e+00,1.200000000000000000e+01
-2.509157727572752621e-03,1.969362040779547796e+00,8.402347229367012460e+01,3.460000000000000000e+02,6.180000000000000000e+02,0.000000000000000000e+00,1.600000000000000000e+01
-1.084321516417276546e-02,1.305252259830888839e+01,-3.438904894694745053e+03,5.480000000000000000e+02,6.520000000000000000e+02,1.000000000000000000e+00,1.200000000000000000e+01
-2.369482432869712309e-03,2.838962017627676193e+00,-4.309767353785239266e+02,5.260000000000000000e+02,6.720000000000000000e+02,1.000000000000000000e+00,1.300000000000000000e+01
-1.861788901279488179e-03,2.464767900051220817e+00,-3.221170666135035390e+02,5.500000000000000000e+02,6.900000000000000000e+02,1.000000000000000000e+00,1.100000000000000000e+01
-1.030423721050837543e-02,1.201224837777651189e+01,-3.011397728899538379e+03,5.120000000000000000e+02,6.400000000000000000e+02,1.000000000000000000e+00,1.400000000000000000e+01
-2.986681733359280999e-03,4.365700770824027188e+00,-1.120460276628568408e+03,6.300000000000000000e+02,7.980000000000000000e+02,1.000000000000000000e+00,1.300000000000000000e+01
-2.354614143414961863e-02,2.670043363993569230e+01,-7.107487290314293205e+03,5.280000000000000000e+02,5.980000000000000000e+02,1.000000000000000000e+00,1.300000000000000000e+01
1.355719484864429010e-02,-1.876740501291997631e+01,6.927586876421092711e+03,6.360000000000000000e+02,7.100000000000000000e+02,1.000000000000000000e+00,1.200000000000000000e+01
1.122462606837156679e-01,-1.851354166665956882e+02,7.666903418800629152e+04,7.960000000000000000e+02,8.360000000000000000e+02,1.000000000000000000e+00,1.400000000000000000e+01
-2.870432480255718458e-03,2.254425192479224460e+00,2.947455394184673594e+01,3.760000000000000000e+02,6.200000000000000000e+02,0.000000000000000000e+00,1.500000000000000000e+01
4.892198815009980890e-03,-6.465808097432658386e+00,2.522563594470089811e+03,5.540000000000000000e+02,7.140000000000000000e+02,1.000000000000000000e+00,1.200000000000000000e+01
-4.177430307536625712e-03,4.848389640968570724e+00,-9.986085772270542975e+02,5.500000000000000000e+02,6.580000000000000000e+02,1.000000000000000000e+00,1.400000000000000000e+01
-2.408138635675566297e-02,3.200381974556446352e+01,-1.011607381718728357e+04,6.500000000000000000e+02,6.840000000000000000e+02,1.000000000000000000e+00,1.300000000000000000e+01
-4.502094053272326542e-03,5.523255348516142860e+00,-1.227565072297204779e+03,5.900000000000000000e+02,6.760000000000000000e+02,1.000000000000000000e+00,1.200000000000000000e+01
-4.559442450078157391e-03,6.454452120531020576e+00,-1.764792708360425195e+03,6.060000000000000000e+02,7.760000000000000000e+02,1.000000000000000000e+00,1.300000000000000000e+01
-1.296099316358678179e-03,1.074459750833261173e+00,1.964287351491041989e+02,3.480000000000000000e+02,5.940000000000000000e+02,0.000000000000000000e+00,1.200000000000000000e+01
-1.406630704399620523e-03,1.286194036836586285e+00,2.027127868665262156e+02,3.700000000000000000e+02,7.320000000000000000e+02,0.000000000000000000e+00,1.500000000000000000e+01
-3.893945019712865673e-03,3.374113841306420447e+00,-1.752369559357816513e+02,5.960000000000000000e+02,6.660000000000000000e+02,1.000000000000000000e+00,1.400000000000000000e+01
8.632138472822582786e-02,-9.408437128092563739e+01,2.590055052785199587e+04,5.160000000000000000e+02,5.620000000000000000e+02,1.000000000000000000e+00,1.600000000000000000e+01
1.370161407458066801e-03,-3.361485574907834728e+00,2.281060909695669125e+03,7.640000000000000000e+02,8.380000000000000000e+02,1.000000000000000000e+00,1.400000000000000000e+01
-1.581839700651926266e-03,1.914424795437604798e+00,-1.261595114127344317e+02,5.680000000000000000e+02,7.280000000000000000e+02,1.000000000000000000e+00,1.300000000000000000e+01
-6.900723568158197456e-04,5.224373391717509474e-01,4.179199758494912089e+02,5.060000000000000000e+02,7.440000000000000000e+02,1.000000000000000000e+00,1.300000000000000000e+01
-2.004932381237708137e-03,1.930393591405120235e+00,4.113891823598632413e+01,4.600000000000000000e+02,6.500000000000000000e+02,1.000000000000000000e+00,1.200000000000000000e+01
-2.118719225020349387e-03,1.809410109899469044e+00,8.142734299812200049e+01,3.860000000000000000e+02,6.320000000000000000e+02,0.000000000000000000e+00,1.400000000000000000e+01
-8.790378817798356545e-03,1.127480081215578522e+01,-3.121649303837411480e+03,5.660000000000000000e+02,7.280000000000000000e+02,1.000000000000000000e+00,1.400000000000000000e+01
-2.740560206636918905e-03,3.482341572087086501e+00,-6.785554937139957019e+02,5.720000000000000000e+02,7.120000000000000000e+02,1.000000000000000000e+00,1.400000000000000000e+01
-7.772911710950866290e-03,8.942936447370495756e+00,-2.142359597344281156e+03,5.340000000000000000e+02,6.240000000000000000e+02,1.000000000000000000e+00,1.300000000000000000e+01
-2.811134450504278702e-03,2.498790724279381426e+00,-7.839463287213264664e+01,3.880000000000000000e+02,6.100000000000000000e+02,0.000000000000000000e+00,1.400000000000000000e+01
-2.334950935392378704e-02,2.657391507501112926e+01,-7.115461917086649009e+03,5.640000000000000000e+02,6.260000000000000000e+02,1.000000000000000000e+00,1.300000000000000000e+01
-6.510343439265741002e-03,2.160534203534595910e-01,2.865997904464435123e+03,6.260000000000000000e+02,6.360000000000000000e+02,1.000000000000000000e+00,1.200000000000000000e+01
-4.894791420903641700e-03,6.330908420884997057e+00,-1.605309053503872747e+03,5.960000000000000000e+02,7.200000000000000000e+02,1.000000000000000000e+00,1.200000000000000000e+01
-1.831364124597264359e-02,1.953222341568272569e+01,-4.878353598281610175e+03,5.060000000000000000e+02,6.040000000000000000e+02,1.000000000000000000e+00,1.500000000000000000e+01
-1.094239204818067777e-03,9.697938581363686472e-01,2.564738483295378728e+02,4.020000000000000000e+02,7.460000000000000000e+02,0.000000000000000000e+00,1.300000000000000000e+01
-1.130955012433787314e-02,1.350588192669134280e+01,-3.575912660703203528e+03,5.500000000000000000e+02,6.520000000000000000e+02,1.000000000000000000e+00,1.300000000000000000e+01
-5.103357743875889911e-03,5.727578158230045346e+00,-1.149370138590247052e+03,5.400000000000000000e+02,6.220000000000000000e+02,1.000000000000000000e+00,1.300000000000000000e+01
-7.700286993682770378e-03,9.766953100146512412e+00,-2.648714258795514525e+03,6.060000000000000000e+02,6.840000000000000000e+02,1.000000000000000000e+00,1.200000000000000000e+01
-1.728585305238033130e-03,1.540143530955823570e+00,1.413347899061823796e+02,3.900000000000000000e+02,6.100000000000000000e+02,0.000000000000000000e+00,1.200000000000000000e+01
-6.690391459066769020e-02,7.118790035578268771e+01,-1.853628825620277712e+04,5.500000000000000000e+02,5.700000000000000000e+02,1.000000000000000000e+00,6.000000000000000000e+00
-2.080913136197105884e-02,3.067331832514291889e+01,-1.084053122499527672e+04,6.900000000000000000e+02,7.580000000000000000e+02,1.000000000000000000e+00,1.200000000000000000e+01
-5.041976455519731753e-02,5.914855142159633772e+01,-1.691657735387008142e+04,5.620000000000000000e+02,6.200000000000000000e+02,1.000000000000000000e+00,1.400000000000000000e+01
-1.579056322149634132e-03,1.440395898483940007e+00,1.321617010372821142e+02,5.200000000000000000e+02,6.320000000000000000e+02,1.000000000000000000e+00,7.000000000000000000e+00
-1.472454858261033200e-03,1.386815649248665405e+00,1.405630076422326624e+02,4.080000000000000000e+02,6.720000000000000000e+02,0.000000000000000000e+00,1.300000000000000000e+01
-7.706627979990752358e-03,1.033916916450348644e+01,-2.954412983891986187e+03,6.240000000000000000e+02,7.620000000000000000e+02,1.000000000000000000e+00,1.700000000000000000e+01
4.942836407521581515e-03,-7.157128432909310334e+00,2.941854311501349912e+03,5.720000000000000000e+02,6.760000000000000000e+02,1.000000000000000000e+00,1.400000000000000000e+01
-1.542814948789175862e-02,1.844965706231536728e+01,-5.052607825470966418e+03,5.480000000000000000e+02,6.400000000000000000e+02,1.000000000000000000e+00,1.300000000000000000e+01
-8.822140872327200942e-03,1.141628599713847159e+01,-3.187623863970406546e+03,5.740000000000000000e+02,6.840000000000000000e+02,1.000000000000000000e+00,1.300000000000000000e+01
-2.647848147123014334e-02,3.413220107140398341e+01,-1.052995951589491597e+04,6.180000000000000000e+02,6.820000000000000000e+02,1.000000000000000000e+00,1.200000000000000000e+01
-2.531934897182097719e-03,3.478713266494604994e+00,-7.248216503901262513e+02,5.580000000000000000e+02,7.720000000000000000e+02,1.000000000000000000e+00,1.400000000000000000e+01
-1.863323927534584791e-03,1.808765582956668727e-01,9.852003434375654933e+02,6.120000000000000000e+02,6.560000000000000000e+02,1.000000000000000000e+00,1.200000000000000000e+01
-1.408511236204593089e-03,1.612307341449854770e+00,-1.181429084946992525e+01,5.440000000000000000e+02,8.340000000000000000e+02,1.000000000000000000e+00,1.300000000000000000e+01
-2.865025674512201945e-03,3.641806298287301402e+00,-7.166545122709088673e+02,5.560000000000000000e+02,7.160000000000000000e+02,1.000000000000000000e+00,1.400000000000000000e+01
-9.105926260829821147e-04,9.051088266358006118e-01,2.971071913774449627e+02,3.380000000000000000e+02,6.000000000000000000e+02,0.000000000000000000e+00,1.400000000000000000e+01
-1.386578519304710981e-02,1.718206670511244383e+01,-4.819115593806944162e+03,5.760000000000000000e+02,6.580000000000000000e+02,1.000000000000000000e+00,1.200000000000000000e+01
7.392473118278318663e-03,-1.218951612903022230e+01,5.534026881719600169e+03,7.880000000000000000e+02,8.500000000000000000e+02,1.000000000000000000e+00,8.000000000000000000e+00
9.641390968344988599e-02,-1.204008693549907889e+02,3.780273822741132608e+04,5.760000000000000000e+02,6.000000000000000000e+02,1.000000000000000000e+00,1.400000000000000000e+01
3.141567717226162459e-02,-4.191161139541927128e+01,1.444414684269091595e+04,6.280000000000000000e+02,6.820000000000000000e+02,1.000000000000000000e+00,1.000000000000000000e+01
-9.646879346704027164e-03,8.448781801049740636e+00,-1.378360120249456031e+03,4.100000000000000000e+02,5.240000000000000000e+02,0.000000000000000000e+00,1.200000000000000000e+01
-2.549233158316297626e-02,2.913444116001777928e+01,-7.868874014706913840e+03,5.680000000000000000e+02,6.240000000000000000e+02,1.000000000000000000e+00,1.200000000000000000e+01
9.934905864786409101e-04,-1.480568576783517942e+00,9.194982652603096085e+02,4.100000000000000000e+02,6.740000000000000000e+02,0.000000000000000000e+00,1.300000000000000000e+01
-1.427038317571107176e-02,1.475539730056792642e+01,-3.317786370304093452e+03,5.100000000000000000e+02,6.120000000000000000e+02,1.000000000000000000e+00,1.400000000000000000e+01
-4.040233943273122651e-03,5.911760523116834420e+00,-1.681996087199385101e+03,6.340000000000000000e+02,7.580000000000000000e+02,1.000000000000000000e+00,1.200000000000000000e+01
7.169117647013115158e-02,-1.083860294110776152e+02,4.138329411738894123e+04,7.340000000000000000e+02,7.680000000000000000e+02,1.000000000000000000e+00,1.500000000000000000e+01
-2.801044759339956294e-03,4.023554706620922516e+00,-9.729633748104471351e+02,5.920000000000000000e+02,7.720000000000000000e+02,1.000000000000000000e+00,1.300000000000000000e+01
-2.085470068569873596e-03,2.021042947095018860e+00,1.215850814770677069e+01,3.940000000000000000e+02,6.660000000000000000e+02,0.000000000000000000e+00,1.400000000000000000e+01
-9.129982617037539798e-04,8.369493998079703401e-01,2.774508582357767068e+02,4.260000000000000000e+02,6.540000000000000000e+02,0.000000000000000000e+00,1.000000000000000000e+01
-1.787015849654605441e-03,2.202733256290180464e+00,-2.535271584659863038e+02,6.160000000000000000e+02,7.560000000000000000e+02,1.000000000000000000e+00,1.200000000000000000e+01
-2.331792276542226684e-03,2.243362224145193373e+00,-5.262509903023359925e+01,3.900000000000000000e+02,5.660000000000000000e+02,0.000000000000000000e+00,1.200000000000000000e+01
-2.127802244934998317e-03,3.301791478451913786e+00,-7.719420990128671747e+02,5.740000000000000000e+02,7.640000000000000000e+02,1.000000000000000000e+00,1.300000000000000000e+01
-7.040763342301239666e-03,8.779788458274436991e+00,-2.273973265754055774e+03,5.440000000000000000e+02,6.360000000000000000e+02,1.000000000000000000e+00,1.200000000000000000e+01
-2.466298301156522044e-03,2.337145376015300258e+00,-5.452654565093780548e+01,3.740000000000000000e+02,6.320000000000000000e+02,0.000000000000000000e+00,1.400000000000000000e+01
-4.314668248225998586e-03,6.247417755846501386e+00,-1.742858464243322487e+03,6.280000000000000000e+02,8.200000000000000000e+02,1.000000000000000000e+00,1.200000000000000000e+01
-8.557099719749288900e-04,6.213575584395421014e-01,3.984130637874831109e+02,4.940000000000000000e+02,6.960000000000000000e+02,1.000000000000000000e+00,1.300000000000000000e+01
-2.377105538650126255e-03,2.800507361451681554e+00,-3.423110571183614184e+02,5.260000000000000000e+02,6.680000000000000000e+02,1.000000000000000000e+00,1.200000000000000000e+01
-5.473865988646879274e-03,6.135559779279799564e+00,-1.310666278870872702e+03,5.500000000000000000e+02,6.420000000000000000e+02,1.000000000000000000e+00,1.300000000000000000e+01
-4.330378318263571058e-03,4.485653692178122043e+00,-6.815056125176236037e+02,5.860000000000000000e+02,6.940000000000000000e+02,1.000000000000000000e+00,1.300000000000000000e+01
4.600798223967659216e-03,-6.094613759695888255e+00,2.417606651417513149e+03,5.060000000000000000e+02,7.080000000000000000e+02,1.000000000000000000e+00,1.300000000000000000e+01
-4.854476912990677434e-02,4.919139271331043517e+01,-1.209273876088827637e+04,4.740000000000000000e+02,5.540000000000000000e+02,1.000000000000000000e+00,1.500000000000000000e+01
2.798042387798500385e-04,2.025782688766114559e-01,1.466666666666666856e+02,7.240000000000000000e+02,7.240000000000000000e+02,1.000000000000000000e+00,3.000000000000000000e+00
-1.033163265306342449e-01,1.341301020408460829e+02,-4.296486734694882034e+04,6.200000000000000000e+02,6.900000000000000000e+02,1.000000000000000000e+00,8.000000000000000000e+00
5.599707758832149669e-03,-5.810153536793506213e+00,1.741736885450218551e+03,3.820000000000000000e+02,5.720000000000000000e+02,0.000000000000000000e+00,1.600000000000000000e+01
-3.196139700115792348e-03,4.240349939122912915e+00,-9.650345535972152220e+02,5.760000000000000000e+02,7.540000000000000000e+02,1.000000000000000000e+00,1.400000000000000000e+01
-1.785981322719827624e-02,2.173903319731972417e+01,-6.166342912876424634e+03,5.640000000000000000e+02,6.560000000000000000e+02,1.000000000000000000e+00,1.400000000000000000e+01
-2.449242614251420473e-03,2.031366638505588962e-01,1.850182523846483718e+03,7.840000000000000000e+02,7.960000000000000000e+02,1.000000000000000000e+00,1.500000000000000000e+01
-1.151947396310532869e-02,1.509166612384984063e+01,-4.440219434059658852e+03,5.940000000000000000e+02,7.120000000000000000e+02,1.000000000000000000e+00,1.300000000000000000e+01
-4.189787154849883288e-03,5.460218634410876959e+00,-1.305535550564434061e+03,5.520000000000000000e+02,7.100000000000000000e+02,1.000000000000000000e+00,1.400000000000000000e+01
-9.476308859349204250e-02,1.287330074284280954e+02,-4.325737692390495795e+04,6.580000000000000000e+02,6.900000000000000000e+02,1.000000000000000000e+00,1.100000000000000000e+01
-7.333529898610999286e-04,5.097665906052992746e-01,3.948315712845721919e+02,3.700000000000000000e+02,6.880000000000000000e+02,0.000000000000000000e+00,1.400000000000000000e+01
-1.125633115141134490e-03,9.976077960865622485e-01,2.510124342028347257e+02,4.000000000000000000e+02,6.740000000000000000e+02,0.000000000000000000e+00,1.300000000000000000e+01
2.333959899748564923e-02,-3.226033834585351201e+01,1.155579949874301747e+04,6.800000000000000000e+02,7.180000000000000000e+02,1.000000000000000000e+00,1.200000000000000000e+01
-7.432639368444587773e-03,8.892526895807680631e+00,-2.227784408706223076e+03,6.320000000000000000e+02,7.540000000000000000e+02,1.000000000000000000e+00,1.300000000000000000e+01
2.745429764922701428e-04,-9.336548592096115540e-01,9.747821947161598928e+02,6.260000000000000000e+02,7.600000000000000000e+02,1.000000000000000000e+00,1.300000000000000000e+01
-2.197486460600281237e-03,2.117391135400583657e+00,5.717092968671370734e+00,3.700000000000000000e+02,6.320000000000000000e+02,0.000000000000000000e+00,1.500000000000000000e+01
-5.542010946104724937e-03,7.804120503967009626e+00,-2.288615075788534341e+03,6.400000000000000000e+02,7.740000000000000000e+02,1.000000000000000000e+00,1.300000000000000000e+01
-7.451593481207339012e-03,9.840370096740844730e+00,-2.780372489033065904e+03,6.080000000000000000e+02,7.040000000000000000e+02,1.000000000000000000e+00,1.100000000000000000e+01
1.903326986035680946e-03,-2.733015889419452726e+00,1.428978669138174382e+03,5.720000000000000000e+02,7.500000000000000000e+02,1.000000000000000000e+00,1.300000000000000000e+01
8.749999999996971312e-02,-1.209249999999586862e+02,4.211879999998588755e+04,6.640000000000000000e+02,6.940000000000000000e+02,1.000000000000000000e+00,1.400000000000000000e+01
-1.924589003244611685e-02,2.185135604885702065e+01,-5.742974137879281443e+03,5.600000000000000000e+02,6.340000000000000000e+02,1.000000000000000000e+00,1.300000000000000000e+01
-8.469267783301593451e-04,2.461292523406777566e-01,5.517638563735586104e+02,5.600000000000000000e+02,5.740000000000000000e+02,1.000000000000000000e+00,1.200000000000000000e+01
-6.226965841602817055e-03,7.690089174018421403e+00,-1.944607238434291730e+03,5.920000000000000000e+02,7.000000000000000000e+02,1.000000000000000000e+00,1.300000000000000000e+01
-2.359840279870810322e-03,2.043929325676139275e+00,3.943306523925729579e+01,3.720000000000000000e+02,6.400000000000000000e+02,0.000000000000000000e+00,1.500000000000000000e+01
-4.181734385787264779e-02,4.909762556572523096e+01,-1.398275454154312138e+04,5.620000000000000000e+02,6.140000000000000000e+02,1.000000000000000000e+00,1.200000000000000000e+01
2.734942173036357567e-03,-5.466638846470643465e+00,3.075289813674599372e+03,7.860000000000000000e+02,8.460000000000000000e+02,1.000000000000000000e+00,1.400000000000000000e+01
-1.055684912581860389e-02,1.269801835994066508e+01,-3.361042333144224813e+03,5.740000000000000000e+02,6.680000000000000000e+02,1.000000000000000000e+00,1.200000000000000000e+01
-2.712710775514656954e-03,2.480787103846365138e+00,-6.511716513300434883e+01,3.780000000000000000e+02,6.500000000000000000e+02,0.000000000000000000e+00,1.500000000000000000e+01
-1.187529478273771817e-03,9.563173994176250581e-01,2.651689099463646357e+02,4.020000000000000000e+02,6.640000000000000000e+02,0.000000000000000000e+00,1.200000000000000000e+01
-2.583888190740200441e-03,3.288580332486258140e+00,-5.929337336737165742e+02,5.540000000000000000e+02,6.860000000000000000e+02,1.000000000000000000e+00,1.500000000000000000e+01
-1.983414745295434926e-03,1.838520696232066820e+00,5.513097327577231255e+01,4.140000000000000000e+02,6.400000000000000000e+02,0.000000000000000000e+00,1.200000000000000000e+01
-4.760890362367475176e-02,6.449530741659748401e+01,-2.136681143807570697e+04,6.460000000000000000e+02,7.080000000000000000e+02,1.000000000000000000e+00,1.200000000000000000e+01
-2.144520665325738967e-03,2.947911479586783567e+00,-6.005134691620492049e+02,6.520000000000000000e+02,8.280000000000000000e+02,1.000000000000000000e+00,1.300000000000000000e+01
3.166666666666667564e-04,1.900000000000000577e-01,1.140000000000000284e+02,6.000000000000000000e+02,6.000000000000000000e+02,1.000000000000000000e+00,1.400000000000000000e+01
-4.959280542015711765e-03,6.200047564179221204e+00,-1.480832378689802226e+03,5.400000000000000000e+02,6.560000000000000000e+02,1.000000000000000000e+00,1.200000000000000000e+01
-4.423936586638048851e-04,1.846097241220794882e-01,5.096539875429966742e+02,4.880000000000000000e+02,6.700000000000000000e+02,1.000000000000000000e+00,1.200000000000000000e+01
-5.045667722269581157e-03,5.916960320465572742e+00,-1.317225209643329435e+03,5.720000000000000000e+02,6.480000000000000000e+02,1.000000000000000000e+00,1.200000000000000000e+01
-1.472627723655290342e-02,1.848930722097489365e+01,-5.352755565447505433e+03,6.060000000000000000e+02,6.840000000000000000e+02,1.000000000000000000e+00,1.300000000000000000e+01
4.156921354929913963e-04,2.668743509865005303e-01,1.713333333333333428e+02,6.420000000000000000e+02,6.420000000000000000e+02,1.000000000000000000e+00,1.400000000000000000e+01
-7.386853713147511179e-03,9.005853462796300946e+00,-2.296458503102481245e+03,5.420000000000000000e+02,6.420000000000000000e+02,1.000000000000000000e+00,1.300000000000000000e+01
-9.029665936654612465e-04,9.515973202758305494e-01,2.560805451100318351e+02,4.160000000000000000e+02,7.900000000000000000e+02,0.000000000000000000e+00,1.400000000000000000e+01
-9.682868988530541135e-03,1.155740105783236871e+01,-2.933671480656975746e+03,5.320000000000000000e+02,6.800000000000000000e+02,1.000000000000000000e+00,1.400000000000000000e+01
-1.544598613831872592e-03,1.276226442704641029e+00,2.000326424039776612e+02,3.860000000000000000e+02,6.560000000000000000e+02,0.000000000000000000e+00,1.400000000000000000e+01
1.054931335828308359e-03,-3.321860174779100117e+00,2.078381523095359171e+03,6.080000000000000000e+02,6.680000000000000000e+02,1.000000000000000000e+00,1.200000000000000000e+01
-6.029794722219329042e-04,3.506599068043498857e-01,4.306744456783736723e+02,4.460000000000000000e+02,7.580000000000000000e+02,0.000000000000000000e+00,1.300000000000000000e+01
-1.799222431652140091e-03,2.126876041978771337e+00,-1.388143232034387324e+02,5.520000000000000000e+02,6.900000000000000000e+02,1.000000000000000000e+00,1.200000000000000000e+01
-2.105785057594816278e-03,1.602435868529768603e+00,1.556598866767280924e+02,3.620000000000000000e+02,6.040000000000000000e+02,0.000000000000000000e+00,1.300000000000000000e+01
-2.232142857142146650e-02,2.752678571427671983e+01,-8.020499999997158739e+03,6.300000000000000000e+02,6.620000000000000000e+02,1.000000000000000000e+00,1.300000000000000000e+01
-2.973540689942024730e-03,3.572020425154814216e+00,-6.053087934630544851e+02,5.780000000000000000e+02,6.980000000000000000e+02,1.000000000000000000e+00,1.300000000000000000e+01
-5.022281679500766385e-03,6.525108800517809726e+00,-1.583370924617641776e+03,7.700000000000000000e+02,8.320000000000000000e+02,1.000000000000000000e+00,1.300000000000000000e+01
-2.542867350089238285e-03,2.084485371454390723e+00,3.223484337111850095e+01,3.680000000000000000e+02,5.760000000000000000e+02,0.000000000000000000e+00,1.300000000000000000e+01
-2.688928576382165238e-03,1.829169459945534149e+00,2.519482635657587934e+02,4.540000000000000000e+02,6.080000000000000000e+02,1.000000000000000000e+00,1.400000000000000000e+01
-1.560442282392280125e-02,1.796158098014544890e+01,-4.737098306020840027e+03,5.380000000000000000e+02,6.420000000000000000e+02,1.000000000000000000e+00,1.400000000000000000e+01
-2.898321759891984333e-04,-2.023375737997492319e-01,6.680436705668697641e+02,5.620000000000000000e+02,7.000000000000000000e+02,1.000000000000000000e+00,1.300000000000000000e+01
-2.085371861341659815e-03,1.736006584477226777e+00,1.157303041403108779e+02,4.060000000000000000e+02,6.200000000000000000e+02,0.000000000000000000e+00,1.500000000000000000e+01
-1.810647723579312867e-03,1.758541078567851468e+00,5.812077404925084068e+01,3.900000000000000000e+02,7.360000000000000000e+02,0.000000000000000000e+00,1.500000000000000000e+01
-3.261132105093546198e-03,2.534552111008741448e+00,-2.699093751898018922e+01,3.540000000000000000e+02,5.680000000000000000e+02,0.000000000000000000e+00,1.400000000000000000e+01
-1.205703526974996002e-03,1.290730556936389606e+00,1.600399498669159755e+02,4.440000000000000000e+02,7.320000000000000000e+02,0.000000000000000000e+00,1.300000000000000000e+01
-4.573382993236844302e-03,6.236428197187009914e+00,-1.668272898896656216e+03,5.820000000000000000e+02,7.060000000000000000e+02,1.000000000000000000e+00,1.200000000000000000e+01
-1.274926676423061888e-03,1.088328794924031007e+00,2.459568588887358658e+02,4.280000000000000000e+02,6.140000000000000000e+02,0.000000000000000000e+00,1.100000000000000000e+01
-3.703703703705453487e-02,4.344444444446575204e+01,-1.230940740741388072e+04,5.680000000000000000e+02,6.220000000000000000e+02,1.000000000000000000e+00,1.200000000000000000e+01
-5.848353152009222412e-04,5.284221045256967120e-01,3.552240322240677415e+02,4.180000000000000000e+02,7.740000000000000000e+02,0.000000000000000000e+00,1.300000000000000000e+01
-1.068587747494193895e-03,1.119017922923832620e+00,2.091815896233482306e+02,4.120000000000000000e+02,7.680000000000000000e+02,0.000000000000000000e+00,1.400000000000000000e+01
-1.051277531494506159e-03,9.848187693288077416e-01,2.640487325814463588e+02,4.020000000000000000e+02,7.780000000000000000e+02,0.000000000000000000e+00,1.400000000000000000e+01
-3.237047092989509163e-04,2.700155679856790503e-01,3.795754765914196582e+02,5.620000000000000000e+02,8.240000000000000000e+02,1.000000000000000000e+00,1.400000000000000000e+01
-1.864593889866971669e-03,2.420881832946998546e+00,-3.248077147444441835e+02,6.100000000000000000e+02,7.880000000000000000e+02,1.000000000000000000e+00,1.300000000000000000e+01
-4.796228609533970122e-02,5.859538412585035161e+01,-1.740440764407427196e+04,5.900000000000000000e+02,6.500000000000000000e+02,1.000000000000000000e+00,1.300000000000000000e+01
-1.190605468682930101e-02,1.474500642155669361e+01,-4.130479189709994898e+03,5.860000000000000000e+02,6.680000000000000000e+02,1.000000000000000000e+00,1.200000000000000000e+01
-2.111996914451353281e-03,2.033633337025806398e+00,-7.698852164271556830e+00,3.780000000000000000e+02,5.880000000000000000e+02,0.000000000000000000e+00,1.300000000000000000e+01
-8.250431816811402063e-04,8.189164373072451708e-01,2.912343281471092382e+02,3.840000000000000000e+02,6.440000000000000000e+02,0.000000000000000000e+00,1.200000000000000000e+01
-4.118262724013443087e-03,4.037284882648246587e+00,-4.712222659958260351e+02,4.320000000000000000e+02,6.800000000000000000e+02,0.000000000000000000e+00,1.500000000000000000e+01
-2.463793306840368364e-03,2.151650166618095827e+00,1.160509178634006311e+01,3.960000000000000000e+02,6.120000000000000000e+02,0.000000000000000000e+00,1.300000000000000000e+01
-1.698632593514170369e-03,1.590800109974707333e+00,1.116698442333357946e+02,4.560000000000000000e+02,6.420000000000000000e+02,1.000000000000000000e+00,1.100000000000000000e+01
1.176619607443461909e-03,-2.258323903819135392e+00,1.414907469486793389e+03,6.240000000000000000e+02,7.740000000000000000e+02,1.000000000000000000e+00,1.300000000000000000e+01
-1.083317088037051698e-03,9.553846830451278027e-01,2.726165866126977448e+02,4.020000000000000000e+02,6.740000000000000000e+02,0.000000000000000000e+00,1.200000000000000000e+01
1.940507104654382985e-04,1.517476555839727403e-01,1.186666666666666856e+02,7.820000000000000000e+02,7.820000000000000000e+02,1.000000000000000000e+00,1.300000000000000000e+01
-6.099599820142703353e-04,6.923119493175722283e-01,3.014274811213186354e+02,3.940000000000000000e+02,7.400000000000000000e+02,0.000000000000000000e+00,1.300000000000000000e+01
-2.239116750063369424e-02,2.713982918290762925e+01,-7.743312674286602487e+03,5.820000000000000000e+02,6.480000000000000000e+02,1.000000000000000000e+00,1.100000000000000000e+01
9.963759013132987563e-02,-1.580013755243510047e+02,6.298898261433321022e+04,7.760000000000000000e+02,8.040000000000000000e+02,1.000000000000000000e+00,1.300000000000000000e+01
2.447619047619714883e-01,-2.922057142857934764e+02,8.735948952383297728e+04,5.660000000000000000e+02,6.220000000000000000e+02,1.000000000000000000e+00,1.200000000000000000e+01
-6.985035029825809039e-03,8.516759982139657126e+00,-2.153314404418772483e+03,5.540000000000000000e+02,6.800000000000000000e+02,1.000000000000000000e+00,1.500000000000000000e+01
-9.007784297636788062e-03,1.140667805198792273e+01,-3.081680042102007064e+03,5.620000000000000000e+02,7.040000000000000000e+02,1.000000000000000000e+00,1.300000000000000000e+01
-3.304429089506504967e-04,1.989400721237411518e-01,4.363010821512181110e+02,6.500000000000000000e+02,7.280000000000000000e+02,1.000000000000000000e+00,1.200000000000000000e+01
-1.764237902510444730e-03,1.757412255528020939e+00,5.320654787161035415e+01,4.140000000000000000e+02,6.620000000000000000e+02,0.000000000000000000e+00,1.400000000000000000e+01
-1.283351004335665443e-02,1.170482573759022316e+01,-2.159205377033936202e+03,4.160000000000000000e+02,5.540000000000000000e+02,0.000000000000000000e+00,1.300000000000000000e+01
-1.461800131539642625e-02,1.624700098365135403e+01,-4.047226275942485699e+03,5.280000000000000000e+02,6.380000000000000000e+02,1.000000000000000000e+00,1.400000000000000000e+01
-4.080327550539780690e-02,5.511479910942635030e+01,-1.814673772222716070e+04,6.400000000000000000e+02,7.060000000000000000e+02,1.000000000000000000e+00,1.100000000000000000e+01
-3.988733186895068381e-03,3.566692075973018294e+00,-2.661236047862182090e+02,3.720000000000000000e+02,5.840000000000000000e+02,0.000000000000000000e+00,1.500000000000000000e+01
-1.143441820491214282e-03,1.177667517295078792e+00,1.728840000902760607e+02,4.520000000000000000e+02,7.540000000000000000e+02,1.000000000000000000e+00,1.300000000000000000e+01
-6.958799013685875237e-03,6.476094149324474358e+00,-1.021617212364354600e+03,4.280000000000000000e+02,5.600000000000000000e+02,0.000000000000000000e+00,1.200000000000000000e+01
-1.052880101721788506e-03,8.055800461140354418e-01,3.084742940833370994e+02,3.800000000000000000e+02,6.340000000000000000e+02,0.000000000000000000e+00,1.400000000000000000e+01
-8.328111953971975220e-03,1.007361376224083216e+01,-2.577526947227435812e+03,5.380000000000000000e+02,6.640000000000000000e+02,1.000000000000000000e+00,1.300000000000000000e+01
-1.100190782248182050e-03,1.089534846769941945e+00,2.140508945348503858e+02,4.040000000000000000e+02,6.680000000000000000e+02,0.000000000000000000e+00,1.200000000000000000e+01
-1.899555510823675714e-03,1.725004035095363486e+00,9.488771906998856309e+01,4.320000000000000000e+02,6.520000000000000000e+02,0.000000000000000000e+00,1.200000000000000000e+01
-8.164743601015815588e-03,9.485938471281523121e+00,-2.285873846424318799e+03,5.640000000000000000e+02,6.800000000000000000e+02,1.000000000000000000e+00,1.200000000000000000e+01
-1.367050102393259315e-03,1.306280017266759685e+00,1.710153604016394979e+02,3.880000000000000000e+02,7.360000000000000000e+02,0.000000000000000000e+00,1.500000000000000000e+01
-1.137643760912657349e-02,1.395617710394576605e+01,-3.822532959395304260e+03,5.540000000000000000e+02,6.580000000000000000e+02,1.000000000000000000e+00,1.300000000000000000e+01
-1.402332874261261967e-03,1.049642179026550881e+00,2.821496107137039075e+02,3.460000000000000000e+02,6.580000000000000000e+02,0.000000000000000000e+00,1.400000000000000000e+01
-2.649700213749397581e-03,2.415203586287038018e+00,-4.788947286276394522e+01,3.800000000000000000e+02,6.320000000000000000e+02,0.000000000000000000e+00,1.400000000000000000e+01
-1.192320655395439320e-02,1.447353252227001974e+01,-3.917574639395971190e+03,5.800000000000000000e+02,6.780000000000000000e+02,1.000000000000000000e+00,1.300000000000000000e+01
-2.856184843548017355e-03,2.347227374346584128e+00,-1.172380897844223036e+01,3.800000000000000000e+02,5.800000000000000000e+02,0.000000000000000000e+00,1.300000000000000000e+01
-4.787847695255488620e-04,4.967085158509965126e-02,5.886471113592313031e+02,4.980000000000000000e+02,6.860000000000000000e+02,1.000000000000000000e+00,1.300000000000000000e+01
-2.583720011170494157e-02,3.133671107742345896e+01,-9.012351254820561735e+03,5.780000000000000000e+02,6.540000000000000000e+02,1.000000000000000000e+00,1.300000000000000000e+01
-8.482957411973928450e-04,6.648646898997239152e-01,3.353097614223374308e+02,4.060000000000000000e+02,6.520000000000000000e+02,0.000000000000000000e+00,1.200000000000000000e+01
1.624333849063031299e-01,-2.076041344335492340e+02,6.673996750902282656e+04,6.140000000000000000e+02,6.440000000000000000e+02,1.000000000000000000e+00,1.200000000000000000e+01
1.257803325217347347e-04,-5.164403133862371931e-01,6.367568638898411564e+02,3.780000000000000000e+02,6.360000000000000000e+02,0.000000000000000000e+00,1.300000000000000000e+01
-1.270699739119827325e-03,1.028603685454848149e+00,2.296079418518004616e+02,3.760000000000000000e+02,6.420000000000000000e+02,0.000000000000000000e+00,1.300000000000000000e+01
4.040404040403873000e-03,-3.842424242424069103e+00,1.229454545454501385e+03,4.800000000000000000e+02,5.700000000000000000e+02,1.000000000000000000e+00,1.400000000000000000e+01
-2.106630404156211583e-02,2.966733421596277154e+01,-9.971153027389802446e+03,6.680000000000000000e+02,7.580000000000000000e+02,1.000000000000000000e+00,1.200000000000000000e+01
-1.865027669621394796e-03,1.720842214155244410e+00,9.113022317459990518e+01,4.040000000000000000e+02,6.700000000000000000e+02,0.000000000000000000e+00,1.400000000000000000e+01
-1.546807747489244199e-03,1.938396700143480311e+00,-1.597804878048814032e+02,7.200000000000000000e+02,8.840000000000000000e+02,1.000000000000000000e+00,1.200000000000000000e+01
3.614718614718226419e-02,-3.822207792207452570e+01,1.047962424242352972e+04,4.760000000000000000e+02,5.420000000000000000e+02,1.000000000000000000e+00,1.200000000000000000e+01
-5.833333333333906058e-03,5.943333333333895574e+00,-9.918400000001373655e+02,4.480000000000000000e+02,5.280000000000000000e+02,0.000000000000000000e+00,1.600000000000000000e+01
-1.070928138000042888e-03,9.742521348345715149e-01,2.532485607435906445e+02,4.320000000000000000e+02,6.140000000000000000e+02,0.000000000000000000e+00,1.000000000000000000e+01
-5.668989474757846030e-03,5.613870203047452101e+00,-8.657506806740288994e+02,4.320000000000000000e+02,6.240000000000000000e+02,0.000000000000000000e+00,1.500000000000000000e+01
-2.208022274025847956e-02,2.676053848294205295e+01,-7.627763279256212627e+03,5.820000000000000000e+02,6.540000000000000000e+02,1.000000000000000000e+00,1.200000000000000000e+01
-4.283280083762312784e-02,5.937044943221661697e+01,-2.010602083191239217e+04,6.600000000000000000e+02,7.380000000000000000e+02,1.000000000000000000e+00,1.100000000000000000e+01
-5.566008197095306115e-02,6.751962676294444066e+01,-1.998717255103537536e+04,5.780000000000000000e+02,6.460000000000000000e+02,1.000000000000000000e+00,1.600000000000000000e+01
-1.722430538336562665e-03,2.250768866581427385e+00,-3.158185641227905762e+02,6.160000000000000000e+02,8.100000000000000000e+02,1.000000000000000000e+00,1.400000000000000000e+01
-6.948106556702896355e-03,6.998880843703022769e+00,-1.238507962757323867e+03,4.640000000000000000e+02,6.440000000000000000e+02,1.000000000000000000e+00,1.500000000000000000e+01
-1.552493326578319871e-02,1.537934810689955967e+01,-3.371568396779269278e+03,4.460000000000000000e+02,5.680000000000000000e+02,0.000000000000000000e+00,1.500000000000000000e+01
-2.987843762009217887e-03,3.339499121445804519e+00,-4.751668569127753585e+02,5.580000000000000000e+02,6.680000000000000000e+02,1.000000000000000000e+00,1.200000000000000000e+01
-8.663586024596098842e-04,7.708351514402355109e-01,3.071730062362968283e+02,4.440000000000000000e+02,7.740000000000000000e+02,0.000000000000000000e+00,1.300000000000000000e+01
-1.034023299934702829e-02,1.310048234840038184e+01,-3.683882924630011530e+03,6.100000000000000000e+02,7.080000000000000000e+02,1.000000000000000000e+00,1.300000000000000000e+01
-1.497933103337694902e-02,1.968536018645843910e+01,-5.944392703488990264e+03,6.040000000000000000e+02,7.200000000000000000e+02,1.000000000000000000e+00,1.500000000000000000e+01
-7.280158653182189224e-04,7.046478748181502771e-01,3.120196272510595463e+02,4.220000000000000000e+02,6.500000000000000000e+02,0.000000000000000000e+00,1.100000000000000000e+01
-4.490287999542567779e-04,1.847433127149009924e-01,4.852867516800866383e+02,3.880000000000000000e+02,6.460000000000000000e+02,0.000000000000000000e+00,1.200000000000000000e+01
-9.286260456248689177e-03,9.973493799220175760e+00,-2.150434831433824911e+03,4.540000000000000000e+02,5.740000000000000000e+02,1.000000000000000000e+00,1.300000000000000000e+01
-1.707643133653498433e-03,1.470026281452636585e+00,1.501854151703512343e+02,4.080000000000000000e+02,6.780000000000000000e+02,0.000000000000000000e+00,1.500000000000000000e+01
-4.215686274511106779e-01,4.650980392158314203e+02,-1.277395294118051388e+05,5.340000000000000000e+02,5.740000000000000000e+02,1.000000000000000000e+00,1.300000000000000000e+01
4.749999999945194729e-01,-5.655499999934817197e+02,1.687569999980621506e+05,5.880000000000000000e+02,5.980000000000000000e+02,1.000000000000000000e+00,1.200000000000000000e+01
3.378378378378327392e-03,-5.054054054054000211e+00,2.285932432432420228e+03,6.260000000000000000e+02,7.740000000000000000e+02,1.000000000000000000e+00,1.400000000000000000e+01
4.105773357313658584e-02,-4.886142206147531653e+01,1.494042980274915863e+04,5.400000000000000000e+02,5.820000000000000000e+02,1.000000000000000000e+00,1.400000000000000000e+01
-9.151357868662525746e-04,5.273466412879000975e-01,4.225612749334670184e+02,3.460000000000000000e+02,5.920000000000000000e+02,0.000000000000000000e+00,1.400000000000000000e+01
-1.745033603729808118e-03,1.396781915804267582e+00,1.928999590726391204e+02,3.800000000000000000e+02,6.400000000000000000e+02,0.000000000000000000e+00,1.300000000000000000e+01
-2.031815967810523312e-03,2.985643176330626147e+00,-5.861245874164495717e+02,6.200000000000000000e+02,7.840000000000000000e+02,1.000000000000000000e+00,1.300000000000000000e+01
7.334277817425079171e-03,-1.059898227625811984e+01,4.228143186870701356e+03,6.400000000000000000e+02,7.820000000000000000e+02,1.000000000000000000e+00,1.300000000000000000e+01
8.599460220095973828e-02,-1.007482199863686390e+02,2.990472286392987371e+04,5.580000000000000000e+02,5.820000000000000000e+02,1.000000000000000000e+00,1.200000000000000000e+01
-5.415855626549346061e-03,7.049523541688864192e+00,-1.803922421526229527e+03,5.580000000000000000e+02,7.140000000000000000e+02,1.000000000000000000e+00,1.400000000000000000e+01
-3.472344309064751694e-03,4.154396474798436323e+00,-7.917358625739768740e+02,5.840000000000000000e+02,7.560000000000000000e+02,1.000000000000000000e+00,1.300000000000000000e+01
6.476543531044053103e-04,3.212365591397850495e-01,1.593333333333333712e+02,4.960000000000000000e+02,4.960000000000000000e+02,1.000000000000000000e+00,1.700000000000000000e+01
-1.255519128849539841e-03,1.278124138997267956e+00,1.778683488724641677e+02,4.120000000000000000e+02,7.100000000000000000e+02,0.000000000000000000e+00,1.300000000000000000e+01
-3.779226307963518081e-03,5.467728972847674562e+00,-1.472043293523332522e+03,6.160000000000000000e+02,8.080000000000000000e+02,1.000000000000000000e+00,1.400000000000000000e+01
-2.301165575550781495e-03,2.081700599496599580e+00,1.269662596421888701e+01,4.020000000000000000e+02,6.280000000000000000e+02,0.000000000000000000e+00,1.300000000000000000e+01
-4.262290652579010797e-02,5.737155244442870838e+01,-1.889425162012257351e+04,6.460000000000000000e+02,6.920000000000000000e+02,1.000000000000000000e+00,1.400000000000000000e+01
-6.951283993550133600e-03,9.143488959986799003e+00,-2.536162729032347215e+03,5.680000000000000000e+02,7.200000000000000000e+02,1.000000000000000000e+00,1.400000000000000000e+01
-2.204321259750939913e-03,1.901123162500545360e+00,5.372177014523018812e+01,3.960000000000000000e+02,6.320000000000000000e+02,0.000000000000000000e+00,1.300000000000000000e+01
1.387135115452336337e-04,-7.558848468717006830e-02,4.351432056251683207e+02,7.680000000000000000e+02,8.880000000000000000e+02,1.000000000000000000e+00,1.200000000000000000e+01
-2.004775667394770398e-03,1.562943009731642574e+00,1.752864354948989103e+02,3.920000000000000000e+02,5.860000000000000000e+02,0.000000000000000000e+00,1.400000000000000000e+01
-1.367520076524675679e-02,2.073529748558469166e+01,-7.424605705782971199e+03,7.960000000000000000e+02,8.500000000000000000e+02,1.000000000000000000e+00,1.300000000000000000e+01
-1.513816987992176177e-01,2.152429202842311611e+02,-7.603603334606115823e+04,6.900000000000000000e+02,7.300000000000000000e+02,1.000000000000000000e+00,1.400000000000000000e+01
-1.403022936815830502e-03,1.628426849650440378e+00,-2.917554472467887017e+00,6.120000000000000000e+02,7.620000000000000000e+02,1.000000000000000000e+00,1.200000000000000000e+01
-1.005318794933618767e-02,1.308916580591003509e+01,-3.759378799605635322e+03,5.620000000000000000e+02,7.180000000000000000e+02,1.000000000000000000e+00,1.600000000000000000e+01
1.197166677763612970e-02,-1.136209618529724175e+01,2.963728397647737893e+03,3.820000000000000000e+02,5.040000000000000000e+02,0.000000000000000000e+00,1.400000000000000000e+01
-3.147619399190573330e-03,4.608114423185904585e+00,-1.179187384091526383e+03,5.580000000000000000e+02,7.300000000000000000e+02,1.000000000000000000e+00,1.400000000000000000e+01
-1.017810570725514660e-02,1.171090213997696594e+01,-2.910409345500562722e+03,5.320000000000000000e+02,6.820000000000000000e+02,1.000000000000000000e+00,1.400000000000000000e+01
-9.152975696068451836e-03,1.022157959911315217e+01,-2.388889290935333975e+03,5.480000000000000000e+02,6.640000000000000000e+02,1.000000000000000000e+00,1.400000000000000000e+01
-1.834539253924720057e-03,2.572116198630164607e+00,-4.630162917120287034e+02,5.700000000000000000e+02,7.680000000000000000e+02,1.000000000000000000e+00,1.300000000000000000e+01
1.416814533221806734e-02,-1.799975334609701605e+01,6.051733649913880072e+03,5.460000000000000000e+02,6.660000000000000000e+02,1.000000000000000000e+00,1.500000000000000000e+01
-1.378879957818778456e-03,1.094488994202903909e+00,2.521055290235450457e+02,3.360000000000000000e+02,6.220000000000000000e+02,0.000000000000000000e+00,1.400000000000000000e+01
-2.025589518942722683e-02,2.901365707767519098e+01,-9.931360651636008697e+03,6.700000000000000000e+02,7.560000000000000000e+02,1.000000000000000000e+00,1.400000000000000000e+01
-1.828821127018535235e-03,1.696517512153859375e+00,1.266920680965576338e+02,3.580000000000000000e+02,6.040000000000000000e+02,0.000000000000000000e+00,1.400000000000000000e+01
-1.157795107983040570e-03,1.560624142016149074e+00,-1.742840649565991029e+01,5.620000000000000000e+02,7.940000000000000000e+02,1.000000000000000000e+00,1.300000000000000000e+01
-2.807339804009717586e-03,3.920322591780501131e+00,-9.159185492360778653e+02,6.360000000000000000e+02,7.580000000000000000e+02,1.000000000000000000e+00,1.100000000000000000e+01
-2.876707814025523686e-03,2.232745478301297215e+00,1.757783218656844326e+01,3.780000000000000000e+02,5.960000000000000000e+02,0.000000000000000000e+00,1.400000000000000000e+01
-7.550068930381344506e-04,8.424164955071921090e-01,2.697510676123207531e+02,3.980000000000000000e+02,6.680000000000000000e+02,0.000000000000000000e+00,1.200000000000000000e+01
-1.948998000263857389e-02,2.213026197230339776e+01,-5.822448755173400059e+03,5.560000000000000000e+02,6.280000000000000000e+02,1.000000000000000000e+00,1.200000000000000000e+01
-1.091792580273188637e-02,1.373515842611821114e+01,-3.870378078950192958e+03,5.640000000000000000e+02,6.820000000000000000e+02,1.000000000000000000e+00,1.500000000000000000e+01
-2.507420606863830677e-03,2.021351887148362003e+00,1.156725053028102081e+02,5.020000000000000000e+02,6.480000000000000000e+02,1.000000000000000000e+00,1.400000000000000000e+01
-3.023669069762993222e-03,2.506020235996638590e+00,-7.411903732879645190e+01,4.400000000000000000e+02,6.060000000000000000e+02,0.000000000000000000e+00,1.200000000000000000e+01
-7.052701586724319932e-03,8.247331560307088694e+00,-1.955681189145494045e+03,5.280000000000000000e+02,6.580000000000000000e+02,1.000000000000000000e+00,1.300000000000000000e+01
-2.729281767956591095e-02,4.351624309393615420e+01,-1.691945502763007971e+04,7.980000000000000000e+02,8.480000000000000000e+02,1.000000000000000000e+00,1.500000000000000000e+01
-9.491454478664858481e-04,5.561684768060474182e-01,4.008638757073433680e+02,4.560000000000000000e+02,6.200000000000000000e+02,1.000000000000000000e+00,9.000000000000000000e+00
-3.758208537212626675e-03,3.436075669109575959e+00,-2.852850820728170902e+02,4.360000000000000000e+02,6.160000000000000000e+02,0.000000000000000000e+00,1.400000000000000000e+01
-2.481308542313267855e-03,2.173124390784544779e+00,6.623213196202111241e+00,3.720000000000000000e+02,6.400000000000000000e+02,0.000000000000000000e+00,1.500000000000000000e+01
-6.931120937292068428e-03,8.598872396812030416e+00,-2.166624707130511524e+03,5.500000000000000000e+02,7.060000000000000000e+02,1.000000000000000000e+00,1.300000000000000000e+01
-1.748782301194715160e-03,1.494178936922937018e+00,1.441240372211439649e+02,4.100000000000000000e+02,6.640000000000000000e+02,0.000000000000000000e+00,1.400000000000000000e+01
-1.132835792968866877e-02,1.302865592591249566e+01,-3.312804210143181081e+03,5.560000000000000000e+02,6.520000000000000000e+02,1.000000000000000000e+00,1.400000000000000000e+01
1.156860428481411599e-03,4.257246376811594790e-01,1.566666666666666856e+02,3.680000000000000000e+02,3.680000000000000000e+02,0.000000000000000000e+00,1.300000000000000000e+01
-1.588115316466424867e-03,1.248521952612038577e+00,2.300776160800506318e+02,3.380000000000000000e+02,6.260000000000000000e+02,0.000000000000000000e+00,1.300000000000000000e+01
-1.986971939562170997e-02,3.183321769966152814e+01,-1.222950878815945543e+04,7.760000000000000000e+02,8.700000000000000000e+02,1.000000000000000000e+00,1.500000000000000000e+01
-7.216397166301748677e-03,8.669028485881673518e+00,-2.113248980805192787e+03,5.360000000000000000e+02,7.320000000000000000e+02,1.000000000000000000e+00,1.600000000000000000e+01
-3.253204570793453727e-03,3.059816830051677705e+00,-2.151378222264301598e+02,4.260000000000000000e+02,6.920000000000000000e+02,0.000000000000000000e+00,1.500000000000000000e+01
-1.316640082907161169e-03,1.030224577913376960e+00,2.846534629557190215e+02,3.360000000000000000e+02,6.500000000000000000e+02,0.000000000000000000e+00,1.400000000000000000e+01
-2.306131039798862883e-03,2.063184076877947248e+00,3.133943454133793693e+01,4.180000000000000000e+02,6.640000000000000000e+02,0.000000000000000000e+00,1.400000000000000000e+01
-1.059364215845355617e-03,9.752108919524298258e-01,2.572325957207242482e+02,4.140000000000000000e+02,7.120000000000000000e+02,0.000000000000000000e+00,1.400000000000000000e+01
-2.289302738228765448e-03,2.477015331237451434e+00,-2.257689076704296838e+02,5.820000000000000000e+02,7.060000000000000000e+02,1.000000000000000000e+00,1.300000000000000000e+01
-2.091972903669202070e-03,2.320568437300829956e+00,-1.754131491412558717e+02,6.080000000000000000e+02,7.380000000000000000e+02,1.000000000000000000e+00,1.300000000000000000e+01
-4.929918828195971152e-03,5.973429792933671045e+00,-1.403089869590378612e+03,5.580000000000000000e+02,6.720000000000000000e+02,1.000000000000000000e+00,1.300000000000000000e+01
-4.055699308152430939e-03,4.651288509314669639e+00,-9.148156559664897713e+02,5.220000000000000000e+02,6.380000000000000000e+02,1.000000000000000000e+00,1.300000000000000000e+01
-1.007789978996115159e-02,1.097809350440269327e+01,-2.547605878503456097e+03,5.440000000000000000e+02,6.420000000000000000e+02,1.000000000000000000e+00,1.300000000000000000e+01
-9.288263583578231257e-04,1.031928380148717350e+00,1.504542910046172040e+02,5.500000000000000000e+02,6.940000000000000000e+02,1.000000000000000000e+00,1.200000000000000000e+01
-1.134890913018103990e-03,9.402070571519127729e-01,2.749777698076834440e+02,3.940000000000000000e+02,6.860000000000000000e+02,0.000000000000000000e+00,1.500000000000000000e+01
-1.724582240286869940e-03,1.643563878091065744e+00,1.378234016488686962e+02,3.660000000000000000e+02,6.880000000000000000e+02,0.000000000000000000e+00,1.400000000000000000e+01
-2.191365674854153789e-02,3.029383477900093879e+01,-1.002323190345582771e+04,6.480000000000000000e+02,7.340000000000000000e+02,1.000000000000000000e+00,1.300000000000000000e+01
9.367629879433093552e-04,3.990610328638498072e-01,1.700000000000000284e+02,4.260000000000000000e+02,4.260000000000000000e+02,0.000000000000000000e+00,1.400000000000000000e+01
-3.009799823018336970e-02,3.409645303234325553e+01,-9.188941627208771024e+03,5.540000000000000000e+02,6.260000000000000000e+02,1.000000000000000000e+00,1.400000000000000000e+01
-4.136807350693069360e-03,4.491019364542831127e+00,-7.598011539549290774e+02,5.640000000000000000e+02,6.860000000000000000e+02,1.000000000000000000e+00,1.300000000000000000e+01
-6.037485488742366227e-04,2.075826102214799740e-01,5.107419088449088349e+02,5.960000000000000000e+02,6.680000000000000000e+02,1.000000000000000000e+00,1.400000000000000000e+01
-2.013439157880681993e-02,2.393514628873641570e+01,-6.670033475696769528e+03,5.500000000000000000e+02,6.580000000000000000e+02,1.000000000000000000e+00,1.500000000000000000e+01
-4.901841911836725581e-03,6.044947275282599897e+00,-1.447385815214948934e+03,5.740000000000000000e+02,7.260000000000000000e+02,1.000000000000000000e+00,1.400000000000000000e+01
-1.593249630982293552e-02,1.828743318348323044e+01,-4.814629678865638198e+03,5.340000000000000000e+02,6.460000000000000000e+02,1.000000000000000000e+00,1.500000000000000000e+01
-1.972955303865392136e-04,-4.015355880799888477e-01,6.532466095789020528e+02,3.620000000000000000e+02,6.000000000000000000e+02,0.000000000000000000e+00,1.300000000000000000e+01
-1.410137369386481364e-03,1.768049759091941509e+00,-8.237597691128543431e+01,5.700000000000000000e+02,7.360000000000000000e+02,1.000000000000000000e+00,1.200000000000000000e+01
4.499999999991198818e-01,-5.074999999990251922e+02,1.433851999997301318e+05,5.480000000000000000e+02,5.620000000000000000e+02,1.000000000000000000e+00,1.400000000000000000e+01
-2.115349993093771849e-02,2.555749439428057457e+01,-7.242823449600899039e+03,5.760000000000000000e+02,6.580000000000000000e+02,1.000000000000000000e+00,1.400000000000000000e+01
4.730576441106021379e-02,-7.793922305769777381e+01,3.252800000002205343e+04,7.980000000000000000e+02,8.400000000000000000e+02,1.000000000000000000e+00,1.400000000000000000e+01
-1.766260007287325223e-03,1.568260200765894563e+00,1.197603089441680595e+02,4.020000000000000000e+02,6.760000000000000000e+02,0.000000000000000000e+00,1.400000000000000000e+01
-1.167248541191275675e-03,1.301727916647846151e+00,1.084357174509690509e+02,5.340000000000000000e+02,7.280000000000000000e+02,1.000000000000000000e+00,1.300000000000000000e+01
-6.187023456742720730e-03,7.577553075870915755e+00,-1.870886626853033249e+03,5.460000000000000000e+02,6.540000000000000000e+02,1.000000000000000000e+00,1.300000000000000000e+01
-4.219339780553307655e-03,3.831378677485415718e+00,-3.978280901457081882e+02,4.080000000000000000e+02,5.700000000000000000e+02,0.000000000000000000e+00,1.300000000000000000e+01
-2.449836394169303128e-02,3.053194244461280249e+01,-9.050607320587203503e+03,6.300000000000000000e+02,6.780000000000000000e+02,1.000000000000000000e+00,1.500000000000000000e+01
-1.137202419628764597e-03,1.213013472392796110e+00,1.783983255061494617e+02,4.180000000000000000e+02,7.040000000000000000e+02,0.000000000000000000e+00,1.200000000000000000e+01
-2.275483538535041125e-04,1.810272180214877735e-01,4.117190629009264740e+02,7.340000000000000000e+02,7.940000000000000000e+02,1.000000000000000000e+00,1.200000000000000000e+01
5.218702865761639005e-03,-6.589019607843157544e+00,2.304340271493234013e+03,4.300000000000000000e+02,5.320000000000000000e+02,0.000000000000000000e+00,1.400000000000000000e+01
-5.272653060672166485e-03,6.401260226617304205e+00,-1.494874203040677457e+03,5.340000000000000000e+02,6.460000000000000000e+02,1.000000000000000000e+00,1.300000000000000000e+01
-2.987783640009004167e-04,1.691307227694491822e-01,4.712969405392091744e+02,7.980000000000000000e+02,8.140000000000000000e+02,1.000000000000000000e+00,1.300000000000000000e+01
-9.772804762038661552e-02,1.322025595292201956e+02,-4.427640149370359723e+04,6.600000000000000000e+02,6.920000000000000000e+02,1.000000000000000000e+00,1.200000000000000000e+01
-2.735764624408093711e-03,3.179298565201454707e+00,-4.895579464419390092e+02,5.360000000000000000e+02,7.500000000000000000e+02,1.000000000000000000e+00,1.300000000000000000e+01
4.634522315178963951e-03,1.687141074267019536e-01,-2.268675783109238182e+03,7.360000000000000000e+02,7.380000000000000000e+02,1.000000000000000000e+00,1.300000000000000000e+01
-4.030466067404611316e-03,5.094264892436735970e+00,-1.108356706434183025e+03,5.360000000000000000e+02,6.340000000000000000e+02,1.000000000000000000e+00,1.300000000000000000e+01
